Summary Group , Total, unclassified,crossing,rear end,lane change
Unfiltered-E:\E_Derive_COM Basic Commands\AV_sample_data_SRF_0.6\AV_Lane_Change_Compliance_Ablation_003.trj,2,0,0,2,0
Unfiltered-E:\E_Derive_COM Basic Commands\AV_sample_data_SRF_0.6\AV_Lane_Change_Compliance_Ablation_007.trj,4,0,0,4,0
Unfiltered-E:\E_Derive_COM Basic Commands\AV_sample_data_SRF_0.6\AV_Lane_Change_Compliance_Ablation_008.trj,1,0,0,1,0
Unfiltered-E:\E_Derive_COM Basic Commands\AV_sample_data_SRF_0.6\AV_Lane_Change_Compliance_Ablation_009.trj,1,0,0,1,0
Unfiltered-E:\E_Derive_COM Basic Commands\AV_sample_data_SRF_0.6\AV_Lane_Change_Compliance_Ablation_010.trj,2,0,0,2,0
Unfiltered-E:\E_Derive_COM Basic Commands\AV_sample_data_SRF_0.6\AV_Lane_Change_Compliance_Ablation_011.trj,6,0,0,5,1
Unfiltered-E:\E_Derive_COM Basic Commands\AV_sample_data_SRF_0.6\AV_Lane_Change_Compliance_Ablation_012.trj,5,0,0,5,0
Unfiltered-E:\E_Derive_COM Basic Commands\AV_sample_data_SRF_0.6\AV_Lane_Change_Compliance_Ablation_013.trj,5,0,0,5,0
Unfiltered-E:\E_Derive_COM Basic Commands\AV_sample_data_SRF_0.6\AV_Lane_Change_Compliance_Ablation_014.trj,6,0,0,6,0
Unfiltered-E:\E_Derive_COM Basic Commands\AV_sample_data_SRF_0.6\AV_Lane_Change_Compliance_Ablation_015.trj,5,0,0,5,0
Unfiltered-E:\E_Derive_COM Basic Commands\AV_sample_data_SRF_0.6\AV_Lane_Change_Compliance_Ablation_016.trj,17,0,0,14,3
Unfiltered-E:\E_Derive_COM Basic Commands\AV_sample_data_SRF_0.6\AV_Lane_Change_Compliance_Ablation_017.trj,60,0,0,58,2
Unfiltered-E:\E_Derive_COM Basic Commands\AV_sample_data_SRF_0.6\AV_Lane_Change_Compliance_Ablation_018.trj,25,0,0,24,1
Unfiltered-E:\E_Derive_COM Basic Commands\AV_sample_data_SRF_0.6\AV_Lane_Change_Compliance_Ablation_019.trj,12,0,0,11,1
Unfiltered-E:\E_Derive_COM Basic Commands\AV_sample_data_SRF_0.6\AV_Lane_Change_Compliance_Ablation_020.trj,23,0,0,23,0
Unfiltered-E:\E_Derive_COM Basic Commands\AV_sample_data_SRF_0.6\AV_Lane_Change_Compliance_Ablation_021.trj,326,0,0,289,37
Unfiltered-E:\E_Derive_COM Basic Commands\AV_sample_data_SRF_0.6\AV_Lane_Change_Compliance_Ablation_022.trj,1057,0,0,969,88
Unfiltered-E:\E_Derive_COM Basic Commands\AV_sample_data_SRF_0.6\AV_Lane_Change_Compliance_Ablation_023.trj,812,0,0,728,84
Unfiltered-E:\E_Derive_COM Basic Commands\AV_sample_data_SRF_0.6\AV_Lane_Change_Compliance_Ablation_024.trj,291,0,0,254,37
Unfiltered-E:\E_Derive_COM Basic Commands\AV_sample_data_SRF_0.6\AV_Lane_Change_Compliance_Ablation_025.trj,986,0,0,874,112
Unfiltered-E:\E_Derive_COM Basic Commands\AV_sample_data_SRF_0.6\AV_Lane_Change_Compliance_Ablation_026.trj,4167,0,0,3914,253
Unfiltered-E:\E_Derive_COM Basic Commands\AV_sample_data_SRF_0.6\AV_Lane_Change_Compliance_Ablation_027.trj,4070,0,0,3849,221
Unfiltered-E:\E_Derive_COM Basic Commands\AV_sample_data_SRF_0.6\AV_Lane_Change_Compliance_Ablation_028.trj,4410,0,1,4119,290
Unfiltered-E:\E_Derive_COM Basic Commands\AV_sample_data_SRF_0.6\AV_Lane_Change_Compliance_Ablation_029.trj,4579,0,0,4314,265
Unfiltered-E:\E_Derive_COM Basic Commands\AV_sample_data_SRF_0.6\AV_Lane_Change_Compliance_Ablation_030.trj,4471,0,0,4196,275
Unfiltered-E:\E_Derive_COM Basic Commands\AV_sample_data_SRF_0.6\AV_Lane_Change_Compliance_Ablation_031.trj,4757,0,1,4503,253
Unfiltered-E:\E_Derive_COM Basic Commands\AV_sample_data_SRF_0.6\AV_Lane_Change_Compliance_Ablation_032.trj,4783,0,0,4475,308
Unfiltered-E:\E_Derive_COM Basic Commands\AV_sample_data_SRF_0.6\AV_Lane_Change_Compliance_Ablation_033.trj,4522,0,0,4250,272
Unfiltered-E:\E_Derive_COM Basic Commands\AV_sample_data_SRF_0.6\AV_Lane_Change_Compliance_Ablation_034.trj,4839,0,0,4573,266
Unfiltered-E:\E_Derive_COM Basic Commands\AV_sample_data_SRF_0.6\AV_Lane_Change_Compliance_Ablation_035.trj,4939,0,0,4647,292
Unfiltered-E:\E_Derive_COM Basic Commands\AV_sample_data_SRF_0.6\AV_Lane_Change_Compliance_Ablation_038.trj,1,0,0,1,0
Unfiltered-E:\E_Derive_COM Basic Commands\AV_sample_data_SRF_0.6\AV_Lane_Change_Compliance_Ablation_042.trj,5,0,0,5,0
Unfiltered-E:\E_Derive_COM Basic Commands\AV_sample_data_SRF_0.6\AV_Lane_Change_Compliance_Ablation_043.trj,1,0,0,1,0
Unfiltered-E:\E_Derive_COM Basic Commands\AV_sample_data_SRF_0.6\AV_Lane_Change_Compliance_Ablation_044.trj,1,0,0,1,0
Unfiltered-E:\E_Derive_COM Basic Commands\AV_sample_data_SRF_0.6\AV_Lane_Change_Compliance_Ablation_045.trj,3,0,0,3,0
Unfiltered-E:\E_Derive_COM Basic Commands\AV_sample_data_SRF_0.6\AV_Lane_Change_Compliance_Ablation_046.trj,4,0,0,4,0
Unfiltered-E:\E_Derive_COM Basic Commands\AV_sample_data_SRF_0.6\AV_Lane_Change_Compliance_Ablation_047.trj,3,0,0,3,0
Unfiltered-E:\E_Derive_COM Basic Commands\AV_sample_data_SRF_0.6\AV_Lane_Change_Compliance_Ablation_048.trj,6,0,0,6,0
Unfiltered-E:\E_Derive_COM Basic Commands\AV_sample_data_SRF_0.6\AV_Lane_Change_Compliance_Ablation_049.trj,2,0,0,2,0
Unfiltered-E:\E_Derive_COM Basic Commands\AV_sample_data_SRF_0.6\AV_Lane_Change_Compliance_Ablation_050.trj,11,0,0,10,1
Unfiltered-E:\E_Derive_COM Basic Commands\AV_sample_data_SRF_0.6\AV_Lane_Change_Compliance_Ablation_051.trj,15,0,0,14,1
Unfiltered-E:\E_Derive_COM Basic Commands\AV_sample_data_SRF_0.6\AV_Lane_Change_Compliance_Ablation_052.trj,30,0,0,28,2
Unfiltered-E:\E_Derive_COM Basic Commands\AV_sample_data_SRF_0.6\AV_Lane_Change_Compliance_Ablation_053.trj,10,0,0,10,0
Unfiltered-E:\E_Derive_COM Basic Commands\AV_sample_data_SRF_0.6\AV_Lane_Change_Compliance_Ablation_054.trj,9,0,0,9,0
Unfiltered-E:\E_Derive_COM Basic Commands\AV_sample_data_SRF_0.6\AV_Lane_Change_Compliance_Ablation_055.trj,14,0,0,13,1
Unfiltered-E:\E_Derive_COM Basic Commands\AV_sample_data_SRF_0.6\AV_Lane_Change_Compliance_Ablation_056.trj,317,0,0,272,45
Unfiltered-E:\E_Derive_COM Basic Commands\AV_sample_data_SRF_0.6\AV_Lane_Change_Compliance_Ablation_057.trj,477,0,0,410,67
Unfiltered-E:\E_Derive_COM Basic Commands\AV_sample_data_SRF_0.6\AV_Lane_Change_Compliance_Ablation_058.trj,515,0,1,437,77
Unfiltered-E:\E_Derive_COM Basic Commands\AV_sample_data_SRF_0.6\AV_Lane_Change_Compliance_Ablation_059.trj,212,0,0,187,25
Unfiltered-E:\E_Derive_COM Basic Commands\AV_sample_data_SRF_0.6\AV_Lane_Change_Compliance_Ablation_060.trj,844,0,1,717,126
Unfiltered-E:\E_Derive_COM Basic Commands\AV_sample_data_SRF_0.6\AV_Lane_Change_Compliance_Ablation_061.trj,3971,0,0,3705,266
Unfiltered-E:\E_Derive_COM Basic Commands\AV_sample_data_SRF_0.6\AV_Lane_Change_Compliance_Ablation_062.trj,3774,0,0,3509,265
Unfiltered-E:\E_Derive_COM Basic Commands\AV_sample_data_SRF_0.6\AV_Lane_Change_Compliance_Ablation_063.trj,3775,0,0,3488,287
Unfiltered-E:\E_Derive_COM Basic Commands\AV_sample_data_SRF_0.6\AV_Lane_Change_Compliance_Ablation_064.trj,3614,0,0,3351,263
Unfiltered-E:\E_Derive_COM Basic Commands\AV_sample_data_SRF_0.6\AV_Lane_Change_Compliance_Ablation_065.trj,3514,0,0,3250,264
Unfiltered-E:\E_Derive_COM Basic Commands\AV_sample_data_SRF_0.6\AV_Lane_Change_Compliance_Ablation_066.trj,3801,0,0,3513,288
Unfiltered-E:\E_Derive_COM Basic Commands\AV_sample_data_SRF_0.6\AV_Lane_Change_Compliance_Ablation_067.trj,3546,0,0,3256,290
Unfiltered-E:\E_Derive_COM Basic Commands\AV_sample_data_SRF_0.6\AV_Lane_Change_Compliance_Ablation_068.trj,4061,0,0,3789,272
Unfiltered-E:\E_Derive_COM Basic Commands\AV_sample_data_SRF_0.6\AV_Lane_Change_Compliance_Ablation_069.trj,4039,0,0,3753,286
Unfiltered-E:\E_Derive_COM Basic Commands\AV_sample_data_SRF_0.6\AV_Lane_Change_Compliance_Ablation_070.trj,3915,0,0,3631,284
Unfiltered-E:\E_Derive_COM Basic Commands\AV_sample_data_SRF_0.6\AV_Lane_Change_Compliance_Ablation_073.trj,2,0,0,2,0
Unfiltered-E:\E_Derive_COM Basic Commands\AV_sample_data_SRF_0.6\AV_Lane_Change_Compliance_Ablation_077.trj,2,0,0,2,0
Unfiltered-E:\E_Derive_COM Basic Commands\AV_sample_data_SRF_0.6\AV_Lane_Change_Compliance_Ablation_080.trj,2,0,0,2,0
Unfiltered-E:\E_Derive_COM Basic Commands\AV_sample_data_SRF_0.6\AV_Lane_Change_Compliance_Ablation_082.trj,1,0,0,1,0
Unfiltered-E:\E_Derive_COM Basic Commands\AV_sample_data_SRF_0.6\AV_Lane_Change_Compliance_Ablation_083.trj,1,0,0,1,0
Unfiltered-E:\E_Derive_COM Basic Commands\AV_sample_data_SRF_0.6\AV_Lane_Change_Compliance_Ablation_084.trj,6,0,0,6,0
Unfiltered-E:\E_Derive_COM Basic Commands\AV_sample_data_SRF_0.6\AV_Lane_Change_Compliance_Ablation_085.trj,4,0,0,4,0
Unfiltered-E:\E_Derive_COM Basic Commands\AV_sample_data_SRF_0.6\AV_Lane_Change_Compliance_Ablation_086.trj,9,0,0,9,0
Unfiltered-E:\E_Derive_COM Basic Commands\AV_sample_data_SRF_0.6\AV_Lane_Change_Compliance_Ablation_087.trj,20,0,0,19,1
Unfiltered-E:\E_Derive_COM Basic Commands\AV_sample_data_SRF_0.6\AV_Lane_Change_Compliance_Ablation_088.trj,3,0,0,3,0
Unfiltered-E:\E_Derive_COM Basic Commands\AV_sample_data_SRF_0.6\AV_Lane_Change_Compliance_Ablation_089.trj,7,0,0,7,0
Unfiltered-E:\E_Derive_COM Basic Commands\AV_sample_data_SRF_0.6\AV_Lane_Change_Compliance_Ablation_090.trj,13,0,0,13,0
Unfiltered-E:\E_Derive_COM Basic Commands\AV_sample_data_SRF_0.6\AV_Lane_Change_Compliance_Ablation_091.trj,178,0,0,162,16
Unfiltered-E:\E_Derive_COM Basic Commands\AV_sample_data_SRF_0.6\AV_Lane_Change_Compliance_Ablation_092.trj,555,0,0,484,71
Unfiltered-E:\E_Derive_COM Basic Commands\AV_sample_data_SRF_0.6\AV_Lane_Change_Compliance_Ablation_093.trj,584,0,0,516,68
Unfiltered-E:\E_Derive_COM Basic Commands\AV_sample_data_SRF_0.6\AV_Lane_Change_Compliance_Ablation_094.trj,148,0,0,136,12
Unfiltered-E:\E_Derive_COM Basic Commands\AV_sample_data_SRF_0.6\AV_Lane_Change_Compliance_Ablation_095.trj,432,0,0,374,58
Unfiltered-E:\E_Derive_COM Basic Commands\AV_sample_data_SRF_0.6\AV_Lane_Change_Compliance_Ablation_096.trj,2942,0,0,2720,222
Unfiltered-E:\E_Derive_COM Basic Commands\AV_sample_data_SRF_0.6\AV_Lane_Change_Compliance_Ablation_097.trj,3141,0,0,2867,274
Unfiltered-E:\E_Derive_COM Basic Commands\AV_sample_data_SRF_0.6\AV_Lane_Change_Compliance_Ablation_098.trj,3152,0,0,2911,241
Unfiltered-E:\E_Derive_COM Basic Commands\AV_sample_data_SRF_0.6\AV_Lane_Change_Compliance_Ablation_099.trj,3157,0,0,2888,269
Unfiltered-E:\E_Derive_COM Basic Commands\AV_sample_data_SRF_0.6\AV_Lane_Change_Compliance_Ablation_100.trj,2975,0,0,2705,270
Unfiltered-E:\E_Derive_COM Basic Commands\AV_sample_data_SRF_0.6\AV_Lane_Change_Compliance_Ablation_101.trj,3434,0,0,3166,268
Unfiltered-E:\E_Derive_COM Basic Commands\AV_sample_data_SRF_0.6\AV_Lane_Change_Compliance_Ablation_102.trj,3454,0,0,3186,268
Unfiltered-E:\E_Derive_COM Basic Commands\AV_sample_data_SRF_0.6\AV_Lane_Change_Compliance_Ablation_103.trj,3579,0,0,3260,319
Unfiltered-E:\E_Derive_COM Basic Commands\AV_sample_data_SRF_0.6\AV_Lane_Change_Compliance_Ablation_104.trj,3691,0,0,3406,285
Unfiltered-E:\E_Derive_COM Basic Commands\AV_sample_data_SRF_0.6\AV_Lane_Change_Compliance_Ablation_105.trj,3585,0,0,3276,309
Unfiltered-E:\E_Derive_COM Basic Commands\AV_sample_data_SRF_0.6\AV_Lane_Change_Compliance_Ablation_108.trj,1,0,0,1,0
Unfiltered-E:\E_Derive_COM Basic Commands\AV_sample_data_SRF_0.6\AV_Lane_Change_Compliance_Ablation_115.trj,1,0,0,1,0
Unfiltered-E:\E_Derive_COM Basic Commands\AV_sample_data_SRF_0.6\AV_Lane_Change_Compliance_Ablation_117.trj,5,0,0,5,0
Unfiltered-E:\E_Derive_COM Basic Commands\AV_sample_data_SRF_0.6\AV_Lane_Change_Compliance_Ablation_118.trj,3,0,0,3,0
Unfiltered-E:\E_Derive_COM Basic Commands\AV_sample_data_SRF_0.6\AV_Lane_Change_Compliance_Ablation_119.trj,5,0,0,4,1
Unfiltered-E:\E_Derive_COM Basic Commands\AV_sample_data_SRF_0.6\AV_Lane_Change_Compliance_Ablation_120.trj,5,0,0,5,0
Unfiltered-E:\E_Derive_COM Basic Commands\AV_sample_data_SRF_0.6\AV_Lane_Change_Compliance_Ablation_121.trj,2,0,0,1,1
Unfiltered-E:\E_Derive_COM Basic Commands\AV_sample_data_SRF_0.6\AV_Lane_Change_Compliance_Ablation_122.trj,6,0,0,6,0
Unfiltered-E:\E_Derive_COM Basic Commands\AV_sample_data_SRF_0.6\AV_Lane_Change_Compliance_Ablation_123.trj,12,0,0,11,1
Unfiltered-E:\E_Derive_COM Basic Commands\AV_sample_data_SRF_0.6\AV_Lane_Change_Compliance_Ablation_124.trj,4,0,0,4,0
Unfiltered-E:\E_Derive_COM Basic Commands\AV_sample_data_SRF_0.6\AV_Lane_Change_Compliance_Ablation_125.trj,15,0,0,15,0
Unfiltered-E:\E_Derive_COM Basic Commands\AV_sample_data_SRF_0.6\AV_Lane_Change_Compliance_Ablation_126.trj,72,0,0,63,9
Unfiltered-E:\E_Derive_COM Basic Commands\AV_sample_data_SRF_0.6\AV_Lane_Change_Compliance_Ablation_127.trj,642,0,0,568,74
Unfiltered-E:\E_Derive_COM Basic Commands\AV_sample_data_SRF_0.6\AV_Lane_Change_Compliance_Ablation_128.trj,258,0,0,231,27
Unfiltered-E:\E_Derive_COM Basic Commands\AV_sample_data_SRF_0.6\AV_Lane_Change_Compliance_Ablation_129.trj,247,0,0,225,22
Unfiltered-E:\E_Derive_COM Basic Commands\AV_sample_data_SRF_0.6\AV_Lane_Change_Compliance_Ablation_130.trj,549,0,0,472,77
Unfiltered-E:\E_Derive_COM Basic Commands\AV_sample_data_SRF_0.6\AV_Lane_Change_Compliance_Ablation_131.trj,2640,0,0,2419,221
Unfiltered-E:\E_Derive_COM Basic Commands\AV_sample_data_SRF_0.6\AV_Lane_Change_Compliance_Ablation_132.trj,3101,0,0,2851,250
Unfiltered-E:\E_Derive_COM Basic Commands\AV_sample_data_SRF_0.6\AV_Lane_Change_Compliance_Ablation_133.trj,2970,0,0,2705,265
Unfiltered-E:\E_Derive_COM Basic Commands\AV_sample_data_SRF_0.6\AV_Lane_Change_Compliance_Ablation_134.trj,3135,0,0,2881,254
Unfiltered-E:\E_Derive_COM Basic Commands\AV_sample_data_SRF_0.6\AV_Lane_Change_Compliance_Ablation_135.trj,3180,0,0,2931,249
Unfiltered-E:\E_Derive_COM Basic Commands\AV_sample_data_SRF_0.6\AV_Lane_Change_Compliance_Ablation_136.trj,3677,0,0,3416,261
Unfiltered-E:\E_Derive_COM Basic Commands\AV_sample_data_SRF_0.6\AV_Lane_Change_Compliance_Ablation_137.trj,3429,0,0,3187,242
Unfiltered-E:\E_Derive_COM Basic Commands\AV_sample_data_SRF_0.6\AV_Lane_Change_Compliance_Ablation_138.trj,3628,0,0,3317,311
Unfiltered-E:\E_Derive_COM Basic Commands\AV_sample_data_SRF_0.6\AV_Lane_Change_Compliance_Ablation_139.trj,3228,0,0,2991,237
Unfiltered-E:\E_Derive_COM Basic Commands\AV_sample_data_SRF_0.6\AV_Lane_Change_Compliance_Ablation_140.trj,2945,0,0,2700,245
Unfiltered-E:\E_Derive_COM Basic Commands\AV_sample_data_SRF_0.6\AV_Lane_Change_Compliance_Ablation_145.trj,1,0,0,1,0
Unfiltered-E:\E_Derive_COM Basic Commands\AV_sample_data_SRF_0.6\AV_Lane_Change_Compliance_Ablation_148.trj,1,0,0,1,0
Unfiltered-E:\E_Derive_COM Basic Commands\AV_sample_data_SRF_0.6\AV_Lane_Change_Compliance_Ablation_150.trj,1,0,0,1,0
Unfiltered-E:\E_Derive_COM Basic Commands\AV_sample_data_SRF_0.6\AV_Lane_Change_Compliance_Ablation_151.trj,1,0,0,1,0
Unfiltered-E:\E_Derive_COM Basic Commands\AV_sample_data_SRF_0.6\AV_Lane_Change_Compliance_Ablation_152.trj,1,0,0,1,0
Unfiltered-E:\E_Derive_COM Basic Commands\AV_sample_data_SRF_0.6\AV_Lane_Change_Compliance_Ablation_154.trj,2,0,0,2,0
Unfiltered-E:\E_Derive_COM Basic Commands\AV_sample_data_SRF_0.6\AV_Lane_Change_Compliance_Ablation_155.trj,2,0,0,2,0
Unfiltered-E:\E_Derive_COM Basic Commands\AV_sample_data_SRF_0.6\AV_Lane_Change_Compliance_Ablation_156.trj,4,0,0,4,0
Unfiltered-E:\E_Derive_COM Basic Commands\AV_sample_data_SRF_0.6\AV_Lane_Change_Compliance_Ablation_157.trj,6,0,0,6,0
Unfiltered-E:\E_Derive_COM Basic Commands\AV_sample_data_SRF_0.6\AV_Lane_Change_Compliance_Ablation_158.trj,17,0,0,16,1
Unfiltered-E:\E_Derive_COM Basic Commands\AV_sample_data_SRF_0.6\AV_Lane_Change_Compliance_Ablation_159.trj,2,0,0,2,0
Unfiltered-E:\E_Derive_COM Basic Commands\AV_sample_data_SRF_0.6\AV_Lane_Change_Compliance_Ablation_160.trj,4,0,0,4,0
Unfiltered-E:\E_Derive_COM Basic Commands\AV_sample_data_SRF_0.6\AV_Lane_Change_Compliance_Ablation_161.trj,27,0,0,26,1
Unfiltered-E:\E_Derive_COM Basic Commands\AV_sample_data_SRF_0.6\AV_Lane_Change_Compliance_Ablation_162.trj,167,0,0,146,21
Unfiltered-E:\E_Derive_COM Basic Commands\AV_sample_data_SRF_0.6\AV_Lane_Change_Compliance_Ablation_163.trj,330,0,0,298,32
Unfiltered-E:\E_Derive_COM Basic Commands\AV_sample_data_SRF_0.6\AV_Lane_Change_Compliance_Ablation_164.trj,110,0,0,99,11
Unfiltered-E:\E_Derive_COM Basic Commands\AV_sample_data_SRF_0.6\AV_Lane_Change_Compliance_Ablation_165.trj,242,0,0,230,12
Unfiltered-E:\E_Derive_COM Basic Commands\AV_sample_data_SRF_0.6\AV_Lane_Change_Compliance_Ablation_166.trj,2570,0,0,2359,211
Unfiltered-E:\E_Derive_COM Basic Commands\AV_sample_data_SRF_0.6\AV_Lane_Change_Compliance_Ablation_167.trj,2516,0,0,2312,204
Unfiltered-E:\E_Derive_COM Basic Commands\AV_sample_data_SRF_0.6\AV_Lane_Change_Compliance_Ablation_168.trj,2395,0,0,2195,200
Unfiltered-E:\E_Derive_COM Basic Commands\AV_sample_data_SRF_0.6\AV_Lane_Change_Compliance_Ablation_169.trj,2523,0,0,2320,203
Unfiltered-E:\E_Derive_COM Basic Commands\AV_sample_data_SRF_0.6\AV_Lane_Change_Compliance_Ablation_170.trj,2283,0,0,2110,173
Unfiltered-E:\E_Derive_COM Basic Commands\AV_sample_data_SRF_0.6\AV_Lane_Change_Compliance_Ablation_171.trj,2955,0,0,2757,198
Unfiltered-E:\E_Derive_COM Basic Commands\AV_sample_data_SRF_0.6\AV_Lane_Change_Compliance_Ablation_172.trj,2859,0,0,2668,191
Unfiltered-E:\E_Derive_COM Basic Commands\AV_sample_data_SRF_0.6\AV_Lane_Change_Compliance_Ablation_173.trj,2826,0,0,2608,218
Unfiltered-E:\E_Derive_COM Basic Commands\AV_sample_data_SRF_0.6\AV_Lane_Change_Compliance_Ablation_174.trj,2644,0,0,2457,187
Unfiltered-E:\E_Derive_COM Basic Commands\AV_sample_data_SRF_0.6\AV_Lane_Change_Compliance_Ablation_175.trj,2889,0,0,2655,234
Unfiltered-E:\E_Derive_COM Basic Commands\AV_sample_data_SRF_0.6\AV_Lane_Change_Compliance_Ablation_180.trj,1,0,0,1,0
Unfiltered-E:\E_Derive_COM Basic Commands\AV_sample_data_SRF_0.6\AV_Lane_Change_Compliance_Ablation_182.trj,1,0,0,1,0
Unfiltered-E:\E_Derive_COM Basic Commands\AV_sample_data_SRF_0.6\AV_Lane_Change_Compliance_Ablation_185.trj,1,0,0,1,0
Unfiltered-E:\E_Derive_COM Basic Commands\AV_sample_data_SRF_0.6\AV_Lane_Change_Compliance_Ablation_187.trj,1,0,0,1,0
Unfiltered-E:\E_Derive_COM Basic Commands\AV_sample_data_SRF_0.6\AV_Lane_Change_Compliance_Ablation_189.trj,1,0,0,1,0
Unfiltered-E:\E_Derive_COM Basic Commands\AV_sample_data_SRF_0.6\AV_Lane_Change_Compliance_Ablation_190.trj,3,0,0,3,0
Unfiltered-E:\E_Derive_COM Basic Commands\AV_sample_data_SRF_0.6\AV_Lane_Change_Compliance_Ablation_191.trj,1,0,0,1,0
Unfiltered-E:\E_Derive_COM Basic Commands\AV_sample_data_SRF_0.6\AV_Lane_Change_Compliance_Ablation_192.trj,1,0,0,1,0
Unfiltered-E:\E_Derive_COM Basic Commands\AV_sample_data_SRF_0.6\AV_Lane_Change_Compliance_Ablation_193.trj,3,0,0,3,0
Unfiltered-E:\E_Derive_COM Basic Commands\AV_sample_data_SRF_0.6\AV_Lane_Change_Compliance_Ablation_194.trj,4,0,0,4,0
Unfiltered-E:\E_Derive_COM Basic Commands\AV_sample_data_SRF_0.6\AV_Lane_Change_Compliance_Ablation_195.trj,4,0,0,3,1
Unfiltered-E:\E_Derive_COM Basic Commands\AV_sample_data_SRF_0.6\AV_Lane_Change_Compliance_Ablation_196.trj,14,0,0,12,2
Unfiltered-E:\E_Derive_COM Basic Commands\AV_sample_data_SRF_0.6\AV_Lane_Change_Compliance_Ablation_197.trj,118,0,0,109,9
Unfiltered-E:\E_Derive_COM Basic Commands\AV_sample_data_SRF_0.6\AV_Lane_Change_Compliance_Ablation_198.trj,100,0,0,89,11
Unfiltered-E:\E_Derive_COM Basic Commands\AV_sample_data_SRF_0.6\AV_Lane_Change_Compliance_Ablation_199.trj,38,0,0,33,5
Unfiltered-E:\E_Derive_COM Basic Commands\AV_sample_data_SRF_0.6\AV_Lane_Change_Compliance_Ablation_200.trj,26,0,0,23,3
Unfiltered-E:\E_Derive_COM Basic Commands\AV_sample_data_SRF_0.6\AV_Lane_Change_Compliance_Ablation_201.trj,1747,0,0,1546,201
Unfiltered-E:\E_Derive_COM Basic Commands\AV_sample_data_SRF_0.6\AV_Lane_Change_Compliance_Ablation_202.trj,1809,0,0,1607,202
Unfiltered-E:\E_Derive_COM Basic Commands\AV_sample_data_SRF_0.6\AV_Lane_Change_Compliance_Ablation_203.trj,1501,0,0,1317,184
Unfiltered-E:\E_Derive_COM Basic Commands\AV_sample_data_SRF_0.6\AV_Lane_Change_Compliance_Ablation_204.trj,1896,0,1,1692,203
Unfiltered-E:\E_Derive_COM Basic Commands\AV_sample_data_SRF_0.6\AV_Lane_Change_Compliance_Ablation_205.trj,1888,0,0,1700,188
Unfiltered-E:\E_Derive_COM Basic Commands\AV_sample_data_SRF_0.6\AV_Lane_Change_Compliance_Ablation_206.trj,1920,0,0,1719,201
Unfiltered-E:\E_Derive_COM Basic Commands\AV_sample_data_SRF_0.6\AV_Lane_Change_Compliance_Ablation_207.trj,1943,0,1,1716,226
Unfiltered-E:\E_Derive_COM Basic Commands\AV_sample_data_SRF_0.6\AV_Lane_Change_Compliance_Ablation_208.trj,1894,0,0,1666,228
Unfiltered-E:\E_Derive_COM Basic Commands\AV_sample_data_SRF_0.6\AV_Lane_Change_Compliance_Ablation_209.trj,2069,0,0,1863,206
Unfiltered-E:\E_Derive_COM Basic Commands\AV_sample_data_SRF_0.6\AV_Lane_Change_Compliance_Ablation_210.trj,2249,0,0,2037,212
Unfiltered-E:\E_Derive_COM Basic Commands\AV_sample_data_SRF_0.6\AV_Lane_Change_Compliance_Ablation_213.trj,1,0,0,1,0
Unfiltered-E:\E_Derive_COM Basic Commands\AV_sample_data_SRF_0.6\AV_Lane_Change_Compliance_Ablation_215.trj,1,0,0,1,0
Unfiltered-E:\E_Derive_COM Basic Commands\AV_sample_data_SRF_0.6\AV_Lane_Change_Compliance_Ablation_217.trj,1,0,0,1,0
Unfiltered-E:\E_Derive_COM Basic Commands\AV_sample_data_SRF_0.6\AV_Lane_Change_Compliance_Ablation_220.trj,2,0,0,2,0
Unfiltered-E:\E_Derive_COM Basic Commands\AV_sample_data_SRF_0.6\AV_Lane_Change_Compliance_Ablation_221.trj,1,0,0,1,0
Unfiltered-E:\E_Derive_COM Basic Commands\AV_sample_data_SRF_0.6\AV_Lane_Change_Compliance_Ablation_222.trj,2,0,0,2,0
Unfiltered-E:\E_Derive_COM Basic Commands\AV_sample_data_SRF_0.6\AV_Lane_Change_Compliance_Ablation_225.trj,3,0,0,2,1
Unfiltered-E:\E_Derive_COM Basic Commands\AV_sample_data_SRF_0.6\AV_Lane_Change_Compliance_Ablation_227.trj,1,0,0,1,0
Unfiltered-E:\E_Derive_COM Basic Commands\AV_sample_data_SRF_0.6\AV_Lane_Change_Compliance_Ablation_228.trj,4,0,0,4,0
Unfiltered-E:\E_Derive_COM Basic Commands\AV_sample_data_SRF_0.6\AV_Lane_Change_Compliance_Ablation_229.trj,3,0,0,3,0
Unfiltered-E:\E_Derive_COM Basic Commands\AV_sample_data_SRF_0.6\AV_Lane_Change_Compliance_Ablation_230.trj,8,0,0,8,0
Unfiltered-E:\E_Derive_COM Basic Commands\AV_sample_data_SRF_0.6\AV_Lane_Change_Compliance_Ablation_231.trj,17,0,0,15,2
Unfiltered-E:\E_Derive_COM Basic Commands\AV_sample_data_SRF_0.6\AV_Lane_Change_Compliance_Ablation_232.trj,53,0,0,48,5
Unfiltered-E:\E_Derive_COM Basic Commands\AV_sample_data_SRF_0.6\AV_Lane_Change_Compliance_Ablation_233.trj,141,0,0,129,12
Unfiltered-E:\E_Derive_COM Basic Commands\AV_sample_data_SRF_0.6\AV_Lane_Change_Compliance_Ablation_234.trj,28,0,0,28,0
Unfiltered-E:\E_Derive_COM Basic Commands\AV_sample_data_SRF_0.6\AV_Lane_Change_Compliance_Ablation_235.trj,38,0,0,36,2
Unfiltered-E:\E_Derive_COM Basic Commands\AV_sample_data_SRF_0.6\AV_Lane_Change_Compliance_Ablation_236.trj,1944,0,1,1713,230
Unfiltered-E:\E_Derive_COM Basic Commands\AV_sample_data_SRF_0.6\AV_Lane_Change_Compliance_Ablation_237.trj,1749,0,0,1557,192
Unfiltered-E:\E_Derive_COM Basic Commands\AV_sample_data_SRF_0.6\AV_Lane_Change_Compliance_Ablation_238.trj,1693,0,0,1507,186
Unfiltered-E:\E_Derive_COM Basic Commands\AV_sample_data_SRF_0.6\AV_Lane_Change_Compliance_Ablation_239.trj,2013,0,0,1802,211
Unfiltered-E:\E_Derive_COM Basic Commands\AV_sample_data_SRF_0.6\AV_Lane_Change_Compliance_Ablation_240.trj,1807,0,0,1607,200
Unfiltered-E:\E_Derive_COM Basic Commands\AV_sample_data_SRF_0.6\AV_Lane_Change_Compliance_Ablation_241.trj,2088,0,0,1848,240
Unfiltered-E:\E_Derive_COM Basic Commands\AV_sample_data_SRF_0.6\AV_Lane_Change_Compliance_Ablation_242.trj,2014,0,0,1798,216
Unfiltered-E:\E_Derive_COM Basic Commands\AV_sample_data_SRF_0.6\AV_Lane_Change_Compliance_Ablation_243.trj,2047,0,0,1828,219
Unfiltered-E:\E_Derive_COM Basic Commands\AV_sample_data_SRF_0.6\AV_Lane_Change_Compliance_Ablation_244.trj,2312,0,0,2078,234
Unfiltered-E:\E_Derive_COM Basic Commands\AV_sample_data_SRF_0.6\AV_Lane_Change_Compliance_Ablation_245.trj,2327,0,0,2092,235
Unfiltered-E:\E_Derive_COM Basic Commands\AV_sample_data_SRF_0.6\AV_Lane_Change_Compliance_Ablation_246.trj,1,0,0,1,0
Unfiltered-E:\E_Derive_COM Basic Commands\AV_sample_data_SRF_0.6\AV_Lane_Change_Compliance_Ablation_250.trj,1,0,0,1,0
Unfiltered-E:\E_Derive_COM Basic Commands\AV_sample_data_SRF_0.6\AV_Lane_Change_Compliance_Ablation_253.trj,1,0,0,1,0
Unfiltered-E:\E_Derive_COM Basic Commands\AV_sample_data_SRF_0.6\AV_Lane_Change_Compliance_Ablation_255.trj,1,0,0,1,0
Unfiltered-E:\E_Derive_COM Basic Commands\AV_sample_data_SRF_0.6\AV_Lane_Change_Compliance_Ablation_258.trj,1,0,0,1,0
Unfiltered-E:\E_Derive_COM Basic Commands\AV_sample_data_SRF_0.6\AV_Lane_Change_Compliance_Ablation_259.trj,2,0,0,2,0
Unfiltered-E:\E_Derive_COM Basic Commands\AV_sample_data_SRF_0.6\AV_Lane_Change_Compliance_Ablation_260.trj,1,0,0,1,0
Unfiltered-E:\E_Derive_COM Basic Commands\AV_sample_data_SRF_0.6\AV_Lane_Change_Compliance_Ablation_261.trj,6,0,0,6,0
Unfiltered-E:\E_Derive_COM Basic Commands\AV_sample_data_SRF_0.6\AV_Lane_Change_Compliance_Ablation_262.trj,4,0,0,4,0
Unfiltered-E:\E_Derive_COM Basic Commands\AV_sample_data_SRF_0.6\AV_Lane_Change_Compliance_Ablation_263.trj,7,0,0,7,0
Unfiltered-E:\E_Derive_COM Basic Commands\AV_sample_data_SRF_0.6\AV_Lane_Change_Compliance_Ablation_265.trj,1,0,0,1,0
Unfiltered-E:\E_Derive_COM Basic Commands\AV_sample_data_SRF_0.6\AV_Lane_Change_Compliance_Ablation_266.trj,9,0,0,8,1
Unfiltered-E:\E_Derive_COM Basic Commands\AV_sample_data_SRF_0.6\AV_Lane_Change_Compliance_Ablation_267.trj,84,0,0,83,1
Unfiltered-E:\E_Derive_COM Basic Commands\AV_sample_data_SRF_0.6\AV_Lane_Change_Compliance_Ablation_268.trj,76,0,0,68,8
Unfiltered-E:\E_Derive_COM Basic Commands\AV_sample_data_SRF_0.6\AV_Lane_Change_Compliance_Ablation_269.trj,16,0,0,15,1
Unfiltered-E:\E_Derive_COM Basic Commands\AV_sample_data_SRF_0.6\AV_Lane_Change_Compliance_Ablation_270.trj,15,0,0,13,2
Unfiltered-E:\E_Derive_COM Basic Commands\AV_sample_data_SRF_0.6\AV_Lane_Change_Compliance_Ablation_271.trj,1136,0,0,1025,111
Unfiltered-E:\E_Derive_COM Basic Commands\AV_sample_data_SRF_0.6\AV_Lane_Change_Compliance_Ablation_272.trj,1261,0,0,1109,152
Unfiltered-E:\E_Derive_COM Basic Commands\AV_sample_data_SRF_0.6\AV_Lane_Change_Compliance_Ablation_273.trj,1063,0,0,960,103
Unfiltered-E:\E_Derive_COM Basic Commands\AV_sample_data_SRF_0.6\AV_Lane_Change_Compliance_Ablation_274.trj,1176,0,0,1022,154
Unfiltered-E:\E_Derive_COM Basic Commands\AV_sample_data_SRF_0.6\AV_Lane_Change_Compliance_Ablation_275.trj,1159,0,0,1037,122
Unfiltered-E:\E_Derive_COM Basic Commands\AV_sample_data_SRF_0.6\AV_Lane_Change_Compliance_Ablation_276.trj,1379,0,0,1235,144
Unfiltered-E:\E_Derive_COM Basic Commands\AV_sample_data_SRF_0.6\AV_Lane_Change_Compliance_Ablation_277.trj,1159,0,0,1013,146
Unfiltered-E:\E_Derive_COM Basic Commands\AV_sample_data_SRF_0.6\AV_Lane_Change_Compliance_Ablation_278.trj,1187,0,0,1057,130
Unfiltered-E:\E_Derive_COM Basic Commands\AV_sample_data_SRF_0.6\AV_Lane_Change_Compliance_Ablation_279.trj,1690,0,0,1545,145
Unfiltered-E:\E_Derive_COM Basic Commands\AV_sample_data_SRF_0.6\AV_Lane_Change_Compliance_Ablation_280.trj,1172,0,0,1043,129
Unfiltered-E:\E_Derive_COM Basic Commands\AV_sample_data_SRF_0.6\AV_Lane_Change_Compliance_Ablation_282.trj,2,0,0,2,0
Unfiltered-E:\E_Derive_COM Basic Commands\AV_sample_data_SRF_0.6\AV_Lane_Change_Compliance_Ablation_283.trj,1,0,0,1,0
Unfiltered-E:\E_Derive_COM Basic Commands\AV_sample_data_SRF_0.6\AV_Lane_Change_Compliance_Ablation_284.trj,3,0,0,2,1
Unfiltered-E:\E_Derive_COM Basic Commands\AV_sample_data_SRF_0.6\AV_Lane_Change_Compliance_Ablation_286.trj,3,0,0,2,1
Unfiltered-E:\E_Derive_COM Basic Commands\AV_sample_data_SRF_0.6\AV_Lane_Change_Compliance_Ablation_287.trj,6,0,0,5,1
Unfiltered-E:\E_Derive_COM Basic Commands\AV_sample_data_SRF_0.6\AV_Lane_Change_Compliance_Ablation_288.trj,1,0,0,1,0
Unfiltered-E:\E_Derive_COM Basic Commands\AV_sample_data_SRF_0.6\AV_Lane_Change_Compliance_Ablation_289.trj,5,0,0,3,2
Unfiltered-E:\E_Derive_COM Basic Commands\AV_sample_data_SRF_0.6\AV_Lane_Change_Compliance_Ablation_290.trj,3,0,0,3,0
Unfiltered-E:\E_Derive_COM Basic Commands\AV_sample_data_SRF_0.6\AV_Lane_Change_Compliance_Ablation_291.trj,13,0,0,10,3
Unfiltered-E:\E_Derive_COM Basic Commands\AV_sample_data_SRF_0.6\AV_Lane_Change_Compliance_Ablation_292.trj,15,0,0,14,1
Unfiltered-E:\E_Derive_COM Basic Commands\AV_sample_data_SRF_0.6\AV_Lane_Change_Compliance_Ablation_293.trj,11,0,0,11,0
Unfiltered-E:\E_Derive_COM Basic Commands\AV_sample_data_SRF_0.6\AV_Lane_Change_Compliance_Ablation_294.trj,5,0,0,5,0
Unfiltered-E:\E_Derive_COM Basic Commands\AV_sample_data_SRF_0.6\AV_Lane_Change_Compliance_Ablation_295.trj,4,0,0,3,1
Unfiltered-E:\E_Derive_COM Basic Commands\AV_sample_data_SRF_0.6\AV_Lane_Change_Compliance_Ablation_296.trj,23,0,0,20,3
Unfiltered-E:\E_Derive_COM Basic Commands\AV_sample_data_SRF_0.6\AV_Lane_Change_Compliance_Ablation_297.trj,89,0,0,81,8
Unfiltered-E:\E_Derive_COM Basic Commands\AV_sample_data_SRF_0.6\AV_Lane_Change_Compliance_Ablation_298.trj,33,0,0,32,1
Unfiltered-E:\E_Derive_COM Basic Commands\AV_sample_data_SRF_0.6\AV_Lane_Change_Compliance_Ablation_299.trj,38,0,0,38,0
Unfiltered-E:\E_Derive_COM Basic Commands\AV_sample_data_SRF_0.6\AV_Lane_Change_Compliance_Ablation_300.trj,44,0,0,40,4
